{
  "k": [
    2,
    3,
    4,
    5,
    6,
    7,
    8,
    9,
    10
  ],
  "kmeans_silhouette": [
    0.34930112086897036,
    0.2588656840891615,
    0.25170985693104775,
    0.1762933197878334,
    0.17277924220629393,
    0.16644349600842173,
    0.16175197316408893,
    0.15644629938447738,
    0.15202592927782824
  ],
  "kmeans_db": [
    1.236788066071115,
    1.4723429888010262,
    1.5171758154394155,
    1.6924059913777179,
    1.640289046667106,
    1.5903159531935043,
    1.6054857938091711,
    1.5776846401921851,
    1.5753555326649127
  ],
  "kmeans_inertia": [
    78682.92854740564,
    66650.75210019348,
    61260.22651370608,
    56426.15628867762,
    52482.5115712178,
    49259.80460258459,
    47014.28726242323,
    45138.536696554285,
    43469.09324447134
  ],
  "gmm_silhouette": [
    0.309989982655702,
    0.2783825522842122,
    0.1645859221281427,
    0.14981847155176414,
    0.05044729320363281,
    0.05037656111857204,
    0.02183706213246322,
    0.02912547709363605,
    0.02257240375866566
  ],
  "gmm_db": [
    1.3856130706009298,
    3.5835116281208594,
    2.681025316723783,
    2.682693165914694,
    3.397645870704784,
    3.3597263595884295,
    2.8319792310156493,
    2.8710280748842933,
    3.048741226510008
  ],
  "gmm_bic": [
    112766.28499931279,
    103070.02888715037,
    81492.20571542124,
    79944.42321713081,
    69464.79200967726,
    66186.36138618327,
    68584.34885711227,
    64162.61639762596,
    60432.46367653992
  ],
  "chosen_k": 5
}