{
  "k": [
    2,
    3,
    4,
    5,
    6,
    7,
    8,
    9,
    10
  ],
  "kmeans_silhouette": [
    0.21856511081856753,
    0.19610412170199917,
    0.1902855653708813,
    0.17182571832471655,
    0.1444764891237698,
    0.13353347538834315,
    0.12006046964563252,
    0.12169066524651537,
    0.1119988923114755
  ],
  "kmeans_db": [
    1.6259320363167926,
    1.5568148268462778,
    1.5658702223382719,
    1.716982579903063,
    1.7090022565445018,
    1.7705875954823669,
    1.776433210291463,
    1.7950585071008969,
    1.8295489065041273
  ],
  "kmeans_inertia": [
    23968.85992787723,
    20104.559015780684,
    17873.055026500402,
    16717.86467081088,
    15687.335231637511,
    15054.363154853228,
    14511.778926404053,
    14071.582528928082,
    13686.910716264447
  ],
  "gmm_silhouette": [
    0.1563186939170669,
    0.027326254682419938,
    -0.0038033607480233173,
    -0.03941339719320389,
    -0.06884423249977784,
    -0.08156150654054435,
    -0.08676430655612288,
    -0.09648703064921044,
    -0.10268740763221167
  ],
  "gmm_db": [
    1.9919297998257244,
    3.1288452029415725,
    3.235613318497966,
    4.371538417549814,
    3.2049658256123195,
    3.029656497034739,
    2.8948727945851904,
    3.452900081726309,
    3.4362019480764823
  ],
  "gmm_bic": [
    53764.75871255918,
    43452.19204180921,
    43195.91996737974,
    43314.252663967985,
    43480.837105692226,
    43760.9925024527,
    44215.059806596284,
    44589.93954921834,
    45157.675980242704
  ],
  "chosen_k": 5
}