{
  "classification": [
    {
      "model": "RF (tuned)",
      "accuracy": 0.6856368563685636,
      "macro_f1": 0.6833494841918979,
      "confusion_matrix": [
        [
          164,
          79,
          7
        ],
        [
          55,
          132,
          49
        ],
        [
          0,
          42,
          210
        ]
      ],
      "labels": [
        "low",
        "mid",
        "high"
      ],
      "report": {
        "low": {
          "precision": 0.7488584474885844,
          "recall": 0.656,
          "f1-score": 0.6993603411513859,
          "support": 250.0
        },
        "mid": {
          "precision": 0.5217391304347826,
          "recall": 0.559322033898305,
          "f1-score": 0.5398773006134969,
          "support": 236.0
        },
        "high": {
          "precision": 0.7894736842105263,
          "recall": 0.8333333333333334,
          "f1-score": 0.8108108108108109,
          "support": 252.0
        },
        "accuracy": 0.6856368563685636,
        "macro avg": {
          "precision": 0.6866904207112977,
          "recall": 0.6828851224105462,
          "f1-score": 0.6833494841918979,
          "support": 738.0
        },
        "weighted avg": {
          "precision": 0.6900981234089532,
          "recall": 0.6856368563685636,
          "f1-score": 0.6864166023806992,
          "support": 738.0
        }
      }
    },
    {
      "model": "XGB (tuned)",
      "accuracy": 0.6666666666666666,
      "macro_f1": 0.6629605986452459,
      "confusion_matrix": [
        [
          158,
          82,
          10
        ],
        [
          64,
          124,
          48
        ],
        [
          2,
          40,
          210
        ]
      ],
      "labels": [
        "low",
        "mid",
        "high"
      ],
      "report": {
        "low": {
          "precision": 0.7053571428571429,
          "recall": 0.632,
          "f1-score": 0.6666666666666666,
          "support": 250.0
        },
        "mid": {
          "precision": 0.5040650406504065,
          "recall": 0.5254237288135594,
          "f1-score": 0.5145228215767634,
          "support": 236.0
        },
        "high": {
          "precision": 0.7835820895522388,
          "recall": 0.8333333333333334,
          "f1-score": 0.8076923076923077,
          "support": 252.0
        },
        "accuracy": 0.6666666666666666,
        "macro avg": {
          "precision": 0.664334757686596,
          "recall": 0.6635856873822976,
          "f1-score": 0.6629605986452459,
          "support": 738.0
        },
        "weighted avg": {
          "precision": 0.6676982681232327,
          "recall": 0.6666666666666666,
          "f1-score": 0.6661687182889491,
          "support": 738.0
        }
      }
    }
  ],
  "regression": [
    {
      "model": "RF (tuned)",
      "r2": 0.6697140512177453,
      "rmse": 0.1422704438786978,
      "mae": 0.09298193063165638
    },
    {
      "model": "XGB (tuned)",
      "r2": 0.6728578327385955,
      "rmse": 0.14159173410836412,
      "mae": 0.09229474705782767
    }
  ],
  "best_classifier": "RF",
  "best_regressor": "XGB",
  "split": {
    "train_seasons": [
      1718,
      1819,
      1920,
      2021,
      2122,
      2223
    ],
    "test_season": 2324,
    "n_train": 4574,
    "n_test": 738,
    "cv_splits": 5
  },
  "features": [
    "npxG_p90",
    "xA_p90",
    "npxG_plus_xA_p90",
    "xG_p90",
    "key_passes_p90",
    "xGChain_p90",
    "xGBuildup_p90",
    "shots_p90",
    "shots_on_target_p90",
    "xG_per_shot",
    "GA_p90",
    "np_goals_p90",
    "crosses_p90",
    "interceptions_p90",
    "tackles_won_p90",
    "fouls_drawn_p90",
    "offsides_p90",
    "team_goals_p90",
    "team_possession",
    "share_team_goals",
    "share_team_shots",
    "minutes_pct",
    "age"
  ]
}